{"cameraMode":{"drawMode":0,"name":"Shaded","section":"Shading Mode"},"sceneLighting":false,"audioPlay":false,"sceneViewState":{"showFog":true,"showMaterialUpdate":true,"showSkybox":false,"showFlares":true,"showImageEffects":true,"showParticleSystems":true},"in2DMode":false,"pivot":{"x":70.05999755859375,"y":2.5999999046325685,"z":-69.91999816894531},"rotation":{"x":-0.6734766364097595,"y":-6.93231925197324e-7,"z":8.456295574887918e-8,"w":-0.7392085790634155},"size":13.603602409362793,"orthographic":true}