{"cameraMode":{"drawMode":0,"name":"Shaded","section":"Shading Mode"},"sceneLighting":false,"audioPlay":false,"sceneViewState":{"showFog":false,"showMaterialUpdate":false,"showSkybox":false,"showFlares":false,"showImageEffects":false,"showParticleSystems":false},"in2DMode":false,"pivot":{"x":-0.2292572259902954,"y":3.2970380783081056,"z":-1.1920928955078126e-7},"rotation":{"x":-0.5089807510375977,"y":3.412108640077349e-8,"z":-3.16872679206881e-8,"w":-0.8607779145240784},"size":9.639534950256348,"orthographic":false}