{"cameraMode":{"drawMode":0,"name":"Shaded","section":"Shading Mode"},"sceneLighting":true,"audioPlay":false,"sceneViewState":{"showFog":false,"showMaterialUpdate":false,"showSkybox":false,"showFlares":false,"showImageEffects":false,"showParticleSystems":false},"in2DMode":false,"pivot":{"x":27.623523712158204,"y":4.285878658294678,"z":-43.98393249511719},"rotation":{"x":-0.3931945562362671,"y":-0.4651327431201935,"z":0.24215301871299745,"w":-0.7552559971809387},"size":3.2293317317962648,"orthographic":false}