{"cameraMode":{"drawMode":0,"name":"Shaded","section":"Shading Mode"},"sceneLighting":false,"audioPlay":false,"sceneViewState":{"showFog":true,"showMaterialUpdate":true,"showSkybox":false,"showFlares":true,"showImageEffects":true,"showParticleSystems":true},"in2DMode":false,"pivot":{"x":29.52050018310547,"y":1.499999761581421,"z":-44.745426177978519},"rotation":{"x":-0.6734766364097595,"y":-6.93231925197324e-7,"z":8.456295574887918e-8,"w":-0.7392085790634155},"size":3.2293317317962648,"orthographic":true}