{"cameraMode":{"drawMode":0,"name":"Shaded","section":"Shading Mode"},"sceneLighting":true,"audioPlay":false,"sceneViewState":{"showFog":false,"showMaterialUpdate":false,"showSkybox":false,"showFlares":false,"showImageEffects":false,"showParticleSystems":false},"in2DMode":false,"pivot":{"x":26.2930908203125,"y":-1.3619495630264283,"z":-16.888723373413087},"rotation":{"x":-0.3522644340991974,"y":0.007019171491265297,"z":-0.002642035484313965,"w":-0.9358704686164856},"size":53.657012939453128,"orthographic":false}