{"cameraMode":{"drawMode":0,"name":"Shaded","section":"Shading Mode"},"sceneLighting":false,"audioPlay":false,"sceneViewState":{"showFog":true,"showMaterialUpdate":true,"showSkybox":false,"showFlares":true,"showImageEffects":true,"showParticleSystems":true},"in2DMode":false,"pivot":{"x":17.299999237060548,"y":2.309999942779541,"z":-4.550000190734863},"rotation":{"x":-0.6734766364097595,"y":-6.93231925197324e-7,"z":8.456295574887918e-8,"w":-0.7392085790634155},"size":5.7157673835754398,"orthographic":true}