{"cameraMode":{"drawMode":0,"name":"Shaded","section":"Shading Mode"},"sceneLighting":false,"audioPlay":false,"sceneViewState":{"showFog":false,"showMaterialUpdate":false,"showSkybox":false,"showFlares":false,"showImageEffects":false,"showParticleSystems":false},"in2DMode":false,"pivot":{"x":17.299999237060548,"y":2.309999942779541,"z":-4.550000190734863},"rotation":{"x":-0.40937989950180056,"y":0.01149272732436657,"z":-0.00515732541680336,"w":-0.9122770428657532},"size":5.7157673835754398,"orthographic":false}