{"cameraMode":{"drawMode":0,"name":"Shaded","section":"Shading Mode"},"sceneLighting":false,"audioPlay":false,"sceneViewState":{"showFog":false,"showMaterialUpdate":false,"showSkybox":false,"showFlares":false,"showImageEffects":false,"showParticleSystems":false},"in2DMode":false,"pivot":{"x":-0.2292572259902954,"y":3.2970380783081056,"z":-1.1920928955078126e-7},"rotation":{"x":-0.4456109404563904,"y":-0.021482111886143686,"z":0.010696706362068653,"w":-0.8949050307273865},"size":9.639534950256348,"orthographic":false}