{"cameraMode":{"drawMode":0,"name":"Shaded","section":"Shading Mode"},"sceneLighting":true,"audioPlay":false,"sceneViewState":{"showFog":false,"showMaterialUpdate":false,"showSkybox":false,"showFlares":false,"showImageEffects":false,"showParticleSystems":false},"in2DMode":false,"pivot":{"x":25.505142211914064,"y":5.199212551116943,"z":-34.69020080566406},"rotation":{"x":-0.35741719603538515,"y":-0.04760217294096947,"z":0.01824408583343029,"w":-0.9325525164604187},"size":5.348744869232178,"orthographic":false}