{"cameraMode":{"drawMode":0,"name":"Shaded","section":"Shading Mode"},"sceneLighting":false,"audioPlay":false,"sceneViewState":{"showFog":false,"showMaterialUpdate":false,"showSkybox":false,"showFlares":false,"showImageEffects":false,"showParticleSystems":false},"in2DMode":false,"pivot":{"x":32.160003662109378,"y":-1.0207445621490479,"z":-12.538201332092286},"rotation":{"x":-0.30599144101142886,"y":-0.2999911904335022,"z":0.10225194692611695,"w":-0.8977299928665161},"size":11.695049285888672,"orthographic":false}