{"cameraMode":{"drawMode":0,"name":"Shaded","section":"Shading Mode"},"sceneLighting":true,"audioPlay":false,"sceneViewState":{"showFog":false,"showMaterialUpdate":false,"showSkybox":false,"showFlares":false,"showImageEffects":false,"showParticleSystems":false},"in2DMode":false,"pivot":{"x":0.7570291757583618,"y":0.07528984546661377,"z":-0.6902111768722534},"rotation":{"x":0.0985686257481575,"y":0.8558796048164368,"z":-0.1773388683795929,"w":0.4757155179977417},"size":2.851395845413208,"orthographic":false}