{"cameraMode":{"drawMode":0,"name":"Shaded","section":"Shading Mode"},"sceneLighting":true,"audioPlay":false,"sceneViewState":{"showFog":true,"showMaterialUpdate":true,"showSkybox":false,"showFlares":true,"showImageEffects":true,"showParticleSystems":true},"in2DMode":false,"pivot":{"x":16.504444122314454,"y":2.4439163208007814,"z":-2.848269462585449},"rotation":{"x":0.16976523399353028,"y":-0.6989957094192505,"z":0.17662294209003449,"w":0.6718550324440002},"size":5.923111915588379,"orthographic":false}