{"cameraMode":{"drawMode":0,"name":"Shaded","section":"Shading Mode"},"sceneLighting":false,"audioPlay":false,"sceneViewState":{"showFog":true,"showMaterialUpdate":true,"showSkybox":false,"showFlares":true,"showImageEffects":true,"showParticleSystems":true},"in2DMode":false,"pivot":{"x":31.36791229248047,"y":-0.578125,"z":-33.30107498168945},"rotation":{"x":-0.403099924325943,"y":0.001372049329802394,"z":-0.0006047880160622299,"w":-0.915154755115509},"size":2.857883930206299,"orthographic":false}