{"cameraMode":{"drawMode":0,"name":"Shaded","section":"Shading Mode"},"sceneLighting":false,"audioPlay":false,"sceneViewState":{"showFog":true,"showMaterialUpdate":true,"showSkybox":false,"showFlares":true,"showImageEffects":true,"showParticleSystems":true},"in2DMode":false,"pivot":{"x":0.16967687010765077,"y":5.05093240737915,"z":3.2298965454101564},"rotation":{"x":-0.08280058950185776,"y":-0.770560085773468,"z":0.10230886191129685,"w":-0.6236297488212586},"size":4.618143558502197,"orthographic":false}