{"cameraMode":{"drawMode":0,"name":"Shaded","section":"Shading Mode"},"sceneLighting":true,"audioPlay":false,"sceneViewState":{"showFog":false,"showMaterialUpdate":false,"showSkybox":false,"showFlares":false,"showImageEffects":false,"showParticleSystems":false},"in2DMode":false,"pivot":{"x":16.326961517333986,"y":-3.2179558277130129,"z":-18.666269302368165},"rotation":{"x":-0.3522644340991974,"y":0.007019171491265297,"z":-0.002642035484313965,"w":-0.9358704686164856},"size":23.81224250793457,"orthographic":false}